aoi_id,role,item_id,acquired_utc,platform,tile,epsg,scene_cloud_pct,scene_shadow_pct,product_uri,stac_url,license_url,selection_status,sha256
new_cairo_mostakbal,before,S2A_36RUU_20240815_0_L2A,2024-08-15T08:41:53.557000Z,sentinel-2a,36RUU,32636,0.000259,0,S2A_MSIL2A_20240815T082601_N0511_R021_T36RUU_20240815T123349.SAFE,https://earth-search.aws.element84.com/v1/collections/sentinel-2-l2a/items/S2A_36RUU_20240815_0_L2A,https://sentinel.esa.int/documents/247904/690755/Sentinel_Data_Legal_Notice,backup,
new_cairo_mostakbal,after,S2B_36RUU_20250815_0_L2A,2025-08-15T08:41:54.791000Z,sentinel-2b,36RUU,32636,0.004117,0,S2B_MSIL2A_20250815T082559_N0511_R021_T36RUU_20250815T105239.SAFE,https://earth-search.aws.element84.com/v1/collections/sentinel-2-l2a/items/S2B_36RUU_20250815_0_L2A,https://sentinel.esa.int/documents/247904/690755/Sentinel_Data_Legal_Notice,backup,
new_capital_core,before,S2A_36RUU_20240815_0_L2A,2024-08-15T08:41:53.557000Z,sentinel-2a,36RUU,32636,0.000259,0,S2A_MSIL2A_20240815T082601_N0511_R021_T36RUU_20240815T123349.SAFE,https://earth-search.aws.element84.com/v1/collections/sentinel-2-l2a/items/S2A_36RUU_20240815_0_L2A,https://sentinel.esa.int/documents/247904/690755/Sentinel_Data_Legal_Notice,selected,
new_capital_core,after,S2B_36RUU_20250815_0_L2A,2025-08-15T08:41:54.791000Z,sentinel-2b,36RUU,32636,0.004117,0,S2B_MSIL2A_20250815T082559_N0511_R021_T36RUU_20250815T105239.SAFE,https://earth-search.aws.element84.com/v1/collections/sentinel-2-l2a/items/S2B_36RUU_20250815_0_L2A,https://sentinel.esa.int/documents/247904/690755/Sentinel_Data_Legal_Notice,selected,
new_capital_east_holdout,before,S2A_36RUU_20240815_0_L2A,2024-08-15T08:41:53.557000Z,sentinel-2a,36RUU,32636,0.000259,0,S2A_MSIL2A_20240815T082601_N0511_R021_T36RUU_20240815T123349.SAFE,https://earth-search.aws.element84.com/v1/collections/sentinel-2-l2a/items/S2A_36RUU_20240815_0_L2A,https://sentinel.esa.int/documents/247904/690755/Sentinel_Data_Legal_Notice,selected,
new_capital_east_holdout,after,S2B_36RUU_20250815_0_L2A,2025-08-15T08:41:54.791000Z,sentinel-2b,36RUU,32636,0.004117,0,S2B_MSIL2A_20250815T082559_N0511_R021_T36RUU_20250815T105239.SAFE,https://earth-search.aws.element84.com/v1/collections/sentinel-2-l2a/items/S2B_36RUU_20250815_0_L2A,https://sentinel.esa.int/documents/247904/690755/Sentinel_Data_Legal_Notice,selected,
new_capital_east_holdout,followup,S2B_36RUU_20260810_0_L2A,2026-08-10T08:41:51.192000Z,sentinel-2b,36RUU,32636,0.00504,0,S2B_MSIL2A_20260810T082559_N0512_R021_T36RUU_20260810T121621.SAFE,https://earth-search.aws.element84.com/v1/collections/sentinel-2-l2a/items/S2B_36RUU_20260810_0_L2A,https://sentinel.esa.int/documents/247904/690755/Sentinel_Data_Legal_Notice,selected,
new_capital_south_holdout,before,S2A_36RUU_20240815_0_L2A,2024-08-15T08:41:53.557000Z,sentinel-2a,36RUU,32636,0.000259,0,S2A_MSIL2A_20240815T082601_N0511_R021_T36RUU_20240815T123349.SAFE,https://earth-search.aws.element84.com/v1/collections/sentinel-2-l2a/items/S2A_36RUU_20240815_0_L2A,https://sentinel.esa.int/documents/247904/690755/Sentinel_Data_Legal_Notice,selected,
new_capital_south_holdout,after,S2B_36RUU_20250815_0_L2A,2025-08-15T08:41:54.791000Z,sentinel-2b,36RUU,32636,0.004117,0,S2B_MSIL2A_20250815T082559_N0511_R021_T36RUU_20250815T105239.SAFE,https://earth-search.aws.element84.com/v1/collections/sentinel-2-l2a/items/S2B_36RUU_20250815_0_L2A,https://sentinel.esa.int/documents/247904/690755/Sentinel_Data_Legal_Notice,selected,
