id,type,region,organization,signal,source_url,observed_on,strength,caveat
E01,competitor,Global,TerraLab,"Commercial QGIS AI Edit turns written changes into new aerial/satellite imagery",https://terra-lab.ai/pricing,2026-08-28,strong,"Vendor claim; validates category and spending, not our wedge"
E02,price,Global,Mapflow,"AI mapping platform lists free, USD50 pay-as-you-go, USD100 monthly Starter, and USD300 monthly Premium tiers",https://mapflow.ai/pricing,2026-08-29,strong,"Direct price anchor; bundles imagery, models, storage, and processing limits"
E03,competitor,Global,GIS2BLEND,"Blender GIS-to-3D automation add-on lists USD47, 10+ sales, and GPL-licensed code",https://superhivemarket.com/products/gis2blend,2026-08-29,strong,"Small sales count; directly invalidates a basic paid GIS-to-Blender bridge"
E04,risk,Global,Open Geospatial Consortium,"OGC discusses trust, provenance, and confidence challenges for synthetic geospatial imagery",https://www.ogc.org/blog-article/navigating-synthetic-imagery-trust-geospatial-data/,2026-08-29,strong,"Standards-body risk signal, not customer willingness-to-pay evidence"
E05,competitor,Global,QGIS GeoAI,"Free plugin offers local SAM, water/tree detection, VLM queries, model training, and raster/vector export",https://plugins.qgis.org/plugins/geoai/,2026-08-28,strong,"Feature breadth makes generic local inference non-differentiated"
E06,adoption,Global,Picterra,"Gartner Peer Insights displayed a 4.8/5 rating from nine Picterra reviews",https://www.gartner.com/reviews/product/picterra,2026-08-28,medium,"Small review sample; third-party adoption signal, not market size"
E07,competitor,Global,GeoEdge AI,"Cloud QGIS agent plans and executes natural-language spatial operations; no offline mode",https://plugins.qgis.org/plugins/GeoEDGE_AI/,2026-08-28,strong,"Offline can differentiate but GIS agents already exist"
E08,competitor,Global,QGIS Change Detection Tool,"Free plugin compares classified rasters to identify land-use/cover changes",https://plugins.qgis.org/plugins/change_detection_plugin/,2026-08-28,strong,"Generic raster change detection is commoditized"
E09,competitor,Global,dzetsaka,"QGIS plugin provides practical AI remote-sensing classification",https://plugins.qgis.org/plugins/dzetsaka/,2026-08-28,medium,"Classification is adjacent, not the full monitoring workflow"
E10,competitor,Global,Picterra,"No-code GeoAI platform markets custom object/pattern/change detection on satellite, aerial, and drone imagery",https://picterra.ai/,2026-08-28,strong,"Enterprise platform is broader than proposed wedge"
E11,demand,Global,Picterra,"Construction and deforestation are explicit change-detection use cases",https://picterra.ai/blog/change-detection-for-geospatial-imagery-made-easy-with-picterra/,2026-08-28,medium,"Vendor marketing, not independent customer evidence"
E12,price,Global,UP42,"Professional access is pay-as-you-go; 100 credits equal EUR1 with EUR100 minimum purchase",https://up42.com/pricing,2026-08-28,strong,"Prices imagery/data platform, not analysis software alone"
E13,competitor,Global,Vexcel Data Program,"Developer platform advertises datasets deployable on premises for secure offline use",https://vexceldata.com/platform/,2026-08-28,medium,"Imagery/data platform rather than change-analysis workflow"
E14,competitor,Global,BrightEarth,"Markets secure on-premises generation of actionable 3D geospatial data",https://landing.brightearth.ai/bright-earth-on-premises,2026-08-28,medium,"Vendor claim; proves on-prem is not unique"
E15,competitor,Global,BlenderGIS,"Free established bridge imports terrain, imagery, and vector GIS data into Blender",https://github.com/domlysz/BlenderGIS,2026-08-28,strong,"Invalidates a simple GIS-import add-on"
E16,competitor,Global,BlenderSatAI,"Open project generates building models from satellite imagery on top of BlenderGIS",https://github.com/Ivaneres/BlenderSatAI,2026-08-28,medium,"Project maturity and adoption not established"
E17,demand,Global,SATPALDA,"Published case study performs construction-change detection with high-resolution satellite imagery",https://satpalda.com/construction-change-detection-using-high-resolution-satellite-imagery/,2026-08-29,medium,"Commercial case study omits customer and economics"
E18,demand,Global,SPACE SHIFT,"Markets building-change AI combining satellite data with on-site inspection for urban professionals",https://www.spcsft.com/en/building-change-detection-ai/,2026-08-29,medium,"Vendor evidence, but supports human verification workflow"
E19,demand,Global,GIM International,"Case study describes satellite imagery as urban intelligence for planners",https://www.gim-international.com/case-study/from-urban-to-rural-enabling-sustainable-urban-planning-and-development-using-satellite-imagery,2026-08-29,medium,"Editorial case, no price or workflow timing"
E20,pain,Global,GIS Stack Exchange,"User asks how to automate building-footprint extraction in QGIS and cites Mapflow's limited free area",https://gis.stackexchange.com/questions/401674/automating-building-footprint-extraction-in-qgis,2026-08-28,strong,"One user; old question but concrete workflow and workaround"
E21,pain,Global,GIS Stack Exchange,"Indexed imagery question describes a company tracking physical changes at multifamily development sites with open satellite imagery",https://gis.stackexchange.com/questions/tagged/imagery?tab=newest&page=5,2026-08-28,medium,"Search index excerpt; locate exact question before outreach"
E22,demand,Egypt,Springer Urban-E,"2026 study introduces a satellite system for urban growth and environmental change in Egypt's New Administrative Capital",https://link.springer.com/article/10.1007/s44196-026-01239-6,2026-08-29,medium,"Research need, not purchasing evidence"
E23,demand,Egypt,Journal of Engineering Sciences,"Study uses IKONOS-2 and WorldView-2 imagery to monitor built-up growth in New Assiut",https://jesaun.journals.ekb.eg/article_304307.html,2026-08-29,medium,"Local workflow evidence, not commercial demand"
E24,demand,Jordan,J-Stage,"Study monitors long-term urban growth and land-use change in Irbid using GIS",https://www.jstage.jst.go.jp/article/irspsd/11/1/11_15/_html/-char/en,2026-08-29,weak,"Academic and historical analysis rather than recurring operations"
E25,demand,Bahrain,Digital Construction Week,"Bahrain publicly described AI-enabled satellite change detection for smart-city planning",https://www.digitalconstructionweek.com/bahrain-embraces-ai-and-satellite-imagery-for-smart-city-planning/,2026-08-28,medium,"Secondary report; procurement details absent"
E26,procurement,UAE,Dubai Municipality,"Public case describes smart data acquisition using remote sensing to identify, map, and categorize Dubai features",https://www.4earthintelligence.com/insights/ai-smart-data-acquisition-using-remote-sensing-technology/,2026-08-28,medium,"Supplier case study; contract value unavailable"
E27,procurement,Saudi Arabia,Space Imaging Middle East,"Public post references deployment of a change-detection and reporting solution for a KSA client",https://www.linkedin.com/posts/space-imaging-middle-east_ai-change-machinelearning-activity-6948192326292758528-sUeS,2026-08-28,medium,"Client unnamed; public marketing post"
E28,job,UAE,Naukrigulf,"Search page listed 80 UAE GIS/remote-sensing vacancies in August 2026",https://www.naukrigulf.com/gis-remote-sensing-jobs-in-uae,2026-08-29,weak,"Aggregator count changes and does not prove monitoring pain"
E29,job,Saudi Arabia,Wuzzuf,"Search page listed 70 Saudi jobs spanning GIS, remote sensing, surveying, and satellite-image analysis",https://wuzzuf.net/saudi/a/GIS-Geographic-Information-Systems-Remote-Sensing-Geomatics-Spatial-Analysis-Surveying-Aerial-Surveying-Satellite-Image-Analysis-Jobs-in-saudi-arabia,2026-08-29,weak,"Broad aggregator category; deduplication unknown"
E30,job,Gulf,TechGEO Mapping,"Published roundup identified 12 recent GIS/geospatial/remote-sensing roles across Gulf countries",https://techgeo.org/gis-remote-sensing-jobs-arabian-gulf-august-september-2026/,2026-08-29,weak,"Labor demand is an access channel, not willingness to buy"
